url_path,views_total,views_unique
/jongpie/ApexUUID,5,4
/jongpie/ApexUuid,4,4
/jongpie/ApexUUID/blob/main/apex-uuid/classes/Uuid.cls,4,2
/jongpie/ApexUUID/tree/main/apex-uuid/classes,3,2
/jongpie/ApexUUID/tree/main/images,3,1
/jongpie/ApexUUID/blob/main/images/btn-install-unlocked-package-production.png,2,1
/jongpie/ApexUUID/blob/main/apex-uuid/classes/Uuid_Tests.cls,1,1
/jongpie/ApexUUID/blob/main/.eslintignore,1,1
/jongpie/ApexUUID/blob/main/.forceignore,1,1
/jongpie/ApexUUID/blob/main/.gitignore,1,1
